"ID_Tarea","Titulo","Hallazgos_Relacionados","Categoria","Severidad_Max","Prioridad (P0-P3)","Fase","Descripcion","Pasos_de_Implementacion","Archivos_Afectados","Dependencias","Esfuerzo_Horas (rango)","Perfil_Requerido","Riesgo_de_Regresion (Bajo/Medio/Alto)","Criterio_de_Aceptacion","Como_Verificar","Rollback","Responsable_Sugerido","Estado (Pendiente)"
"T-001","Fijar alcance, responsables y entorno de trabajo","WS-043","Pruebas","Media","P0","Fase 0 – Preparación","Resolver parte trazable de WS-043. Registrar commit y cambios locales sin descartarlos; acordar congelación de cambios ajenos.","1. Registrar commit y cambios locales sin descartarlos; acordar congelación de cambios ajenos | 2. Designar responsables de datos, pagos, despliegue y revisión | 3. Preparar rama y especificación de staging con datos sintéticos, destino y accesos aislados; acordar topología | 4. Si la aplicación está operando, acordar contención operativa temporal del portal/checkout expuesto mientras se preparan parches; no esperar semanas sin limitar el riesgo","server/e2e/account.e2e-spec.ts; .github/workflows/security-checks.yml (lectura); Registro de responsables y staging (nuevo)","Sin dependencias","8–12","QA / automatización","Bajo","Inventario firmado y cada acceso de staging separado de producción | Responsable y sustituto asignados por área; exclusiones y topología documentadas","Q-DOC: cotejar hashes y destinos; revisión de accesos con dueño del servicio. No copiar PII a staging.","Cancelar preparación conservando instantánea; no resetear cambios locales existentes.","QA / automatización (nombre por asignar)","Pendiente"
"T-002","Probar backup y restauración antes de cambiar datos","WS-014","Base de datos","Alta","P0","Fase 0 – Preparación","Resolver parte trazable de WS-014. Inventariar PostgreSQL, bucket y configuración sin volcar valores secretos a documentos.","1. Inventariar PostgreSQL, bucket y configuración sin volcar valores secretos a documentos | 2. Crear respaldo cifrado y verificar integridad y retención | 3. Restaurar en destino aislado; contar registros y cuadrar importes; medir RPO/RTO con negocio","server/src/migrations/1570200270081-CreateTables.ts; Runbook de backup/restore (nuevo); Configuración del proveedor y bucket (fuera del repositorio)","T-001","12–20","DevOps / seguridad","Alto","Restauración independiente demostrada y accesos comprobados | Inventario de datos, última copia, RPO/RTO objetivo y tiempos medidos aprobados","Q-RESTORE: acta de restauración con destino, hashes, conteos e importes conciliados; no usar scripts down -v del repo.","No alterar producción durante el ensayo; retirar acceso temporal al clon según política. Si falla, bloquear cambios de esquema.","DevOps / seguridad (nombre por asignar)","Pendiente"
"T-003","Rotar las credenciales históricas y revocar sesiones","WS-003","Seguridad","Alta","P0","Fase 0 – Preparación","Resolver parte trazable de WS-003. Identificar entornos que usaron los valores históricos sin probarlos contra destinos no autorizados.","1. Identificar entornos que usaron los valores históricos sin probarlos contra destinos no autorizados | 2. Crear credenciales PostgreSQL y claves JWT nuevas por gestor de secretos; ensayar despliegue coordinado | 3. Revocar claves anteriores y familias de sesiones; revisar accesos y registrar solo identificadores de versión","Gestor de secretos del proveedor (fuera del repositorio); server/src/security/jwt-settings.ts; server/src/service/session.service.ts","T-001","8–16","DevOps / seguridad","Alto","Cada credencial histórica tiene evidencia de revocación o de que nunca se desplegó | Token firmado con clave anterior y refresh revocado son rechazados; aplicación usa credencial nueva","Q-SECRET: comprobar versiones del proveedor y sesión de prueba; no imprimir claves ni contraseñas.","Emitir otra credencial nueva si falla; jamás reactivar el secreto expuesto. Mantener acceso administrativo de emergencia verificado.","DevOps / seguridad (nombre por asignar)","Pendiente"
"T-004","Capturar la línea base reproducible y presupuestos","WS-043; WS-042","Pruebas; Observabilidad","Media","P0","Fase 0 – Preparación","Resolver parte trazable de WS-043, WS-042. Reproducir 42 pruebas backend y 182 frontend con versiones fijadas en staging.","1. Reproducir 42 pruebas backend y 182 frontend con versiones fijadas en staging | 2. Capturar build, lint, cobertura real y métricas iniciales de rutas representativas | 3. Guardar resultados por commit y fijar cuentas sintéticas, carga y criterios de comparación","server/e2e/account.e2e-spec.ts; docker/prometheus/prometheus.yml; client/vitest.config.mts; server/package.json; client/package.json","T-001; T-002","8–16","QA / automatización","Bajo","224 pruebas previas reproducidas o diferencias explicadas | Cobertura, latencia, errores y bundle tienen medición o bloqueo identificado; ningún dato desconocido se registra como cero","Q-UNIT, Q-TYPE, Q-BUILD, Q-LINT y Q-PERF; no ejecutar E2E heredado que migra BD.","Descartar resultados de un entorno mal configurado y repetir captura; no cambiar la línea base original.","QA / automatización (nombre por asignar)","Pendiente"
"T-005","Aislar el portal mediante el ID autenticado","WS-001","Seguridad","Alta","P0","Fase 1 – Contención inmediata","Resolver parte trazable de WS-001. Cambiar controlador para pasar req.user.id.","1. Cambiar controlador para pasar req.user.id | 2. Consultar Person por String(id) sin alternativa por login o correo; denegar vínculos ausentes/ambiguos | 3. Crear prueba de dos cuentas con login numérico coincidente y comprobar perfil, facturas y resúmenes","server/src/service/portal.service.ts; server/src/web/rest/portal.controller.ts; server/src/domain/person.entity.ts","T-004; T-014","8–16","Backend / líder técnico","Alto","Cuenta 99 con login 42 nunca recibe datos del propietario 42 | Cuenta válida sigue accediendo; vínculo ambiguo produce respuesta controlada sin PII","Q-UNIT y Q-API: prueba real con guardas; fijar caso del probe WS-001 en suite de integración.","Si afecta vínculos antiguos, deshabilitar temporalmente portal afectado y corregir mapeo; no restaurar fallback por login.","Backend / líder técnico (nombre por asignar)","Pendiente"
"T-006","Persistir únicamente la clave PDF de la factura","WS-002","Backend / pagos","Alta","P0","Fase 1 – Contención inmediata","Resolver parte trazable de WS-002. Añadir actualización parcial de pdfUrl por ID.","1. Añadir actualización parcial de pdfUrl por ID | 2. Sustituir ambos guardados de instantánea en descarga y generate-pdf | 3. Inyectar barrera S3 durante confirmación de pago y probar errores de generación","server/src/web/rest/invoice.controller.ts; server/src/service/invoice.service.ts","T-004; T-014","8–12","Backend / líder técnico","Medio","PAID y boldTransactionId sobreviven a PDF concurrente en ambos endpoints | Error S3 no cambia estado financiero y se distingue de factura inexistente","Q-UNIT y Q-API: carrera reproducible con barreras; PostgreSQL requerido para cierre final.","Desactivar regeneración PDF y servir documentos existentes; conservar estado financiero y no volver al guardado completo.","Backend / líder técnico (nombre por asignar)","Pendiente"
"T-007","Limpiar el chat cuando cambia la sesión","WS-006","Seguridad / privacidad","Alta","P0","Fase 1 – Contención inmediata","Resolver parte trazable de WS-006. Desmontar o reiniciar el chat por identidad de sesión.","1. Desmontar o reiniciar el chat por identidad de sesión | 2. Borrar mensajes, entrada y estados; abortar petición o descartar respuesta de sesión anterior | 3. Probar salida y cambio admin a usuario con respuesta en vuelo","client/src/app/core/chatbot/chatbot.vue; client/src/app/app.vue","T-004; T-014","4–8","Frontend Vue","Bajo","Tras logout/login no hay mensajes ni PII de la sesión anterior | Respuesta tardía de otra sesión no se representa","Q-UI: componente montado desde router y navegador con dos cuentas sintéticas.","Ocultar/deshabilitar chatbot mediante flag nuevo si falla; nunca conservar conversaciones entre cuentas.","Frontend Vue (nombre por asignar)","Pendiente"
"T-008","Revocar refresh y cerrar cookie con acceso vencido","WS-007","Seguridad / sesiones","Alta","P0","Fase 1 – Contención inmediata","Resolver parte trazable de WS-007. Definir logout web autenticado por refresh y Origin, con revocación idempotente y limpieza de cookie.","1. Definir logout web autenticado por refresh y Origin, con revocación idempotente y limpieza de cookie | 2. Mantener contrato de clientes móviles y rechazo de orígenes ajenos | 3. UI espera resultado, trata fallo de red y sincroniza pestañas sin fingir revocación confirmada","client/src/app/shared/config/store/account-store.ts; server/src/web/rest/session.controller.ts; server/src/service/session.service.ts; server/src/security/web-session.ts","T-004; T-014","12–20","Backend / líder técnico","Alto","JWT vencido más refresh válido permite salir y el refresh queda inutilizable | Recarga y otra pestaña no restauran sesión revocada; origen ajeno no revoca ni renueva","Q-API y Q-UI: cookie Secure/HttpOnly real sobre HTTPS, vencimiento de JWT, múltiples pestañas y red caída.","Forzar revocación de familias y desactivar renovación web temporalmente si falla; rollback de UI compatible sin restaurar tokens.","Backend / líder técnico (nombre por asignar)","Pendiente"
"T-009","Asignar referencia Bold de forma atómica","WS-005","Backend / pagos","Alta","P0","Fase 1 – Contención inmediata","Resolver parte trazable de WS-005. Bloquear fila dentro de transacción al crear/reutilizar boldOrderId.","1. Bloquear fila dentro de transacción al crear/reutilizar boldOrderId | 2. Leer estado e importe bajo el mismo bloqueo; generar hash tras fijar referencia | 3. Probar doble clic, solicitudes simultáneas y factura ya pagada","server/src/service/bold.service.ts; server/src/service/bold.service.spec.ts","T-004; T-014","12–20","Backend / líder técnico","Alto","20 solicitudes concurrentes obtienen una única referencia estable e importe consistente | Factura no pagable no genera orden","Q-API: barrera de concurrencia con PostgreSQL y aserción de unicidad; mantener firma existente.","Desactivar nuevas aperturas de checkout y seguir recibiendo webhooks; no eliminar referencias ya entregadas a Bold.","Backend / líder técnico (nombre por asignar)","Pendiente"
"T-010","Retirar cuentas de ejemplo y asegurar primer administrador","WS-009","Seguridad","Alta","P0","Fase 1 – Contención inmediata","Resolver parte trazable de WS-009. Buscar por criterios auditables cuentas sembradas en cada entorno autorizado.","1. Buscar por criterios auditables cuentas sembradas en cada entorno autorizado | 2. Diferenciar cuentas reales de ejemplos, desactivar ejemplos y revocar sus sesiones | 3. Impedir reutilización de semilla en entornos reales y documentar alta segura sin contraseña fija","server/src/migrations/1570200490072-SeedUsersRoles.ts; server/src/orm.config.ts; Procedimiento de primer administrador (nuevo)","T-002; T-003; T-014","8–12","Backend / líder técnico","Alto","No existen cuentas de ejemplo activas o se aporta evidencia de ausencia | Bootstrap real no crea contraseñas fijas y conserva un administrador verificado","Q-API y Q-SECRET: matriz de cuentas por entorno sin contraseñas; ensayo de bootstrap en base vacía.","Recuperar acceso mediante nuevo administrador de emergencia validado; no reactivar cuentas ni contraseñas sembradas.","Backend / líder técnico (nombre por asignar)","Pendiente"
"T-011","Contener mutaciones financieras fuera del dominio","WS-008","Backend / integridad","Alta","P0","Fase 1 – Contención inmediata","Resolver parte trazable de WS-008. Bloquear temporalmente edición de importes, relaciones y estado tras iniciar pago.","1. Bloquear temporalmente edición de importes, relaciones y estado tras iniciar pago | 2. Restringir rutas CRUD alternativas de creación y borrado que evaden BillingService | 3. Mantener emisión canónica y comunicar a administración las operaciones suspendidas","server/src/service/invoice.service.ts","T-004; T-014","8–12","Backend / líder técnico","Alto","ADMIN no puede alterar una factura pagada ni cambiar una referencia activa por CRUD | Emisión canónica permanece disponible; denegaciones tienen mensaje claro","Q-API: matriz POST/PUT/DELETE en pendientes, con orden y pagadas; comprobar frontend administrativo.","Mantener restricciones y tramitar excepciones con revisión humana; no reabrir el CRUD vulnerable para resolver un incidente.","Backend / líder técnico (nombre por asignar)","Pendiente"
"T-012","Escapar nombres de usuario en las vistas","WS-011","Seguridad","Media","P2","Fase 1 – Contención inmediata","Resolver parte trazable de WS-011. Reemplazar v-html de nombre por texto/componentes i18n en ajustes y contraseña.","1. Reemplazar v-html de nombre por texto/componentes i18n en ajustes y contraseña | 2. Acordar formato de nuevos logins sin invalidar cuentas existentes | 3. Probar traducciones y etiquetas maliciosas como texto","client/src/app/account/settings/settings.vue","T-004; T-014","4–8","Frontend Vue","Bajo","Cadena HTML se muestra literalmente y no crea elementos activos | Ajustes y cambio de contraseña siguen funcionando en español","Q-UI: payload sintético inerte y aserción de DOM; comprobar ambos componentes.","Volver a título fijo sin interpolación si falla la traducción; no restaurar v-html con entrada libre.","Frontend Vue (nombre por asignar)","Pendiente"
"T-013","Identificar demos y retirar telemetría ficticia de producción","WS-025","Frontend / datos operativos","Media","P1","Fase 1 – Contención inmediata","Resolver parte trazable de WS-025. Etiquetar datos demo y bloquear generación aleatoria en entorno real.","1. Etiquetar datos demo y bloquear generación aleatoria en entorno real | 2. Mostrar Sin datos verificados con fecha/calidad cuando falta fuente | 3. Registrar decisión de negocio sobre futura integración de sensores","client/src/app/views/admin/admin-actividad.vue","T-004; T-014","4–8","Frontend Vue","Bajo","Ningún dato aleatorio o fijo se presenta como actividad o telemetría real | Ausencia de sensor produce estado explícito, no porcentaje inventado","Q-UI: inspección de pantalla y mensajes Socket.IO en perfiles demo y producción.","Ocultar tarjeta y enlaces de demo; no volver a mostrar En vivo sin fuente verificada.","Frontend Vue (nombre por asignar)","Pendiente"
"T-014","Preparar integración aislada con PostgreSQL","WS-043","Pruebas","Media","P0","Fase 1 – Contención inmediata","Resolver parte trazable de WS-043. Crear configuración de prueba PostgreSQL descartable con destinos permitidos.","1. Crear configuración de prueba PostgreSQL descartable con destinos permitidos | 2. Inicializar esquema de fixtures explícito sin ejecutar synchronize histórico | 3. Mantener guardas reales y dobles solo para correo, S3 y pasarela externos | 4. Preparar runner mínimo de navegador HTTPS para cookies/chat y fixtures de cuentas; T-036 ampliará los viajes completos","server/e2e/account.e2e-spec.ts; server/e2e/jest.postgres.config.cjs (nuevo); docker/compose.audit-test.yml (nuevo)","T-004","16–24","QA / automatización","Alto","Suite no puede apuntar a producción; guardas no se sustituyen | Limpieza afecta solo base descartable y fallo de destino cancela ejecución","Q-API: implementar config server/e2e/jest.postgres.config.cjs y guard de destino; ejecutar smoke de login/propiedad.","Desactivar job nuevo si falla aislamiento y conservar unitarias; nunca degradar a SQLite como prueba equivalente.","QA / automatización (nombre por asignar)","Pendiente"
"T-015","Definir baseline de esquema y runner explícito","WS-014","Base de datos","Alta","P1","Fase 2 – Estabilización","Resolver parte trazable de WS-014. Comparar esquema real autorizado, entidades e historial de migraciones.","1. Comparar esquema real autorizado, entidades e historial de migraciones | 2. Diseñar baseline para instalaciones nuevas y actualización aditiva para existentes; preservar migraciones ya aplicadas | 3. Sustituir uso operativo de synchronize por runner revisable con preflight y ensayo up/rollback","server/src/migrations/1570200270081-CreateTables.ts; server/src/migrations/ (nueva baseline y migraciones aditivas); server/scripts/ (runner explícito propuesto)","T-002; T-014","16–24","Backend / líder técnico","Alto","Nueva base y clon existente llegan al mismo esquema esperado sin synchronize | No se reescribe a ciegas historial aplicado; rollback compatible ensayado y documentado","Q-DB: diff de esquema antes/después y repetición idempotente; restore T-002 disponible.","Detener migración ante precondición incumplida; mantener esquema aditivo y revertir aplicación compatible. Restaurar copia solo bajo plan de reconciliación.","Backend / líder técnico (nombre por asignar)","Pendiente"
"T-016","Conciliar vínculos de usuarios y suscriptores","WS-001; WS-015","Seguridad; Base de datos","Alta","P1","Fase 2 – Estabilización","Resolver parte trazable de WS-001, WS-015. Inventariar duplicados, huérfanos y texto no numérico en userId y asignaciones.","1. Inventariar duplicados, huérfanos y texto no numérico en userId y asignaciones | 2. Preparar correspondencia aprobada por dueño de datos; separar casos ambiguos | 3. Aplicar corrección controlada e idempotente con bitácora anterior/nueva","server/src/service/portal.service.ts; server/src/domain/person.entity.ts; Bitácora de conciliación de identidad (nueva, acceso restringido)","T-005; T-015","16–24","Backend / líder técnico","Alto","Cada vínculo ambiguo tiene resolución aprobada o cuenta restringida sin fuga | Cero asignaciones cruzadas en muestra y prueba exhaustiva de restricciones","Q-DB y Q-API: conciliación por conteos y revisión humana; no inferir dueño solo por correo/login.","Revertir mapeo usando bitácora validada, manteniendo acceso bloqueado para casos dudosos.","Backend / líder técnico (nombre por asignar)","Pendiente"
"T-017","Añadir relaciones y FK de identidad","WS-015","Base de datos","Media","P2","Fase 2 – Estabilización","Resolver parte trazable de WS-015. Agregar columnas/relaciones tipadas mediante expandir, rellenar y validar.","1. Agregar columnas/relaciones tipadas mediante expandir, rellenar y validar | 2. Incorporar FK de persona, operador, sesiones y operaciones con reglas de borrado aprobadas | 3. Mantener lectura compatible hasta retirar columnas antiguas en cambio posterior","server/src/domain/person.entity.ts; server/src/domain/auth-session.entity.ts; server/src/domain/mobile-operation.entity.ts; server/src/migrations/ (nueva FK)","T-016","12–20","Backend / líder técnico","Alto","Insertar referencia inexistente falla sin dejar huérfanos | No se eliminan facturas ni datos sujetos a retención al borrar cuenta","Q-DB: catálogo FK, datos previos, borrado y rollback con versión anterior compatible.","Detener cambio de lectura y conservar columnas antiguas; quitar restricción nueva solo si no reabre acceso cruzado.","Backend / líder técnico (nombre por asignar)","Pendiente"
"T-018","Proteger unicidad financiera e índices medidos","WS-016","Base de datos","Media","P1","Fase 2 – Estabilización","Resolver parte trazable de WS-016. Acordar una factura por lectura y unicidad de referencias según negocio; detectar duplicados.","1. Acordar una factura por lectura y unicidad de referencias según negocio; detectar duplicados | 2. Conciliar duplicados sin borrado automático y crear restricciones parciales para valores nulos | 3. Añadir índices de historial y sesión con medición EXPLAIN y ventana de locks","server/src/domain/invoice.entity.ts; server/src/domain/meter.entity.ts; server/src/migrations/ (nuevos índices)","T-009; T-015","12–20","Backend / líder técnico","Alto","Duplicado de lectura/referencia se rechaza con conflicto controlado | Historial y sesiones usan índices previstos; no hay bloqueo superior al presupuesto acordado","Q-DB: duplicados preflight, catálogo, EXPLAIN y carga concurrente de escrituras.","Cancelar índice concurrente fallido y conservar datos; retirar índice de rendimiento si regresa latencia, sin eliminar protección financiera sin contención.","Backend / líder técnico (nombre por asignar)","Pendiente"
"T-019","Centralizar emisión y actualización de facturas","WS-008; WS-010","Backend / integridad; Backend / validación","Alta","P1","Fase 2 – Estabilización","Resolver parte trazable de WS-008, WS-010. Dirigir todas las altas al cálculo canónico desde lectura confirmada.","1. Dirigir todas las altas al cálculo canónico desde lectura confirmada | 2. Usar lista explícita de campos y bloquear cambios financieros con orden/pago | 3. Definir comandos y estados permitidos con pruebas de cada transición","server/src/service/invoice.service.ts; server/src/service/dto/invoice.dto.ts; server/src/service/billing.service.ts; server/src/web/rest/invoice.controller.ts","T-011; T-018","16–24","Backend / líder técnico","Alto","Ninguna ruta acepta importe calculado por cliente como autoridad | Dos canales generan el mismo saldo; pagadas y con orden no admiten edición incompatible","Q-API y Q-UNIT: matriz de todos los endpoints de factura y propiedades del cálculo en centavos.","Volver a contención T-011 y conservar eventos/estados; no revertir a escritura genérica.","Backend / líder técnico (nombre por asignar)","Pendiente"
"T-020","Proteger la secuencia de lecturas y sus correcciones","WS-008","Backend / integridad","Alta","P1","Fase 2 – Estabilización","Resolver parte trazable de WS-008. Validar orden temporal y lectura acumulada bajo bloqueo del suscriptor.","1. Validar orden temporal y lectura acumulada bajo bloqueo del suscriptor | 2. Rechazar cambios de lectura ya facturada sin flujo de corrección | 3. Alinear API administrativa y móvil; registrar autor/motivo","server/src/service/invoice.service.ts; server/src/service/meter.service.ts; server/src/service/mobile.service.ts","T-019","12–20","Backend / líder técnico","Alto","Lectura menor o fuera de secuencia no corrompe consumo | ADMIN y móvil aplican la misma regla y una lectura facturada no se borra","Q-API: dos capturas concurrentes, edición retroactiva y corrección autorizada.","Deshabilitar edición retroactiva y mantener captura válida; conservar registro anterior y corrección.","Backend / líder técnico (nombre por asignar)","Pendiente"
"T-021","Registrar pagos manuales y ajustes auditables","WS-008","Backend / integridad","Alta","P1","Fase 2 – Estabilización","Resolver parte trazable de WS-008. Acordar permisos, motivo, soporte e idempotencia de pagos manuales.","1. Acordar permisos, motivo, soporte e idempotencia de pagos manuales | 2. Crear comando transaccional que guarde evento, fecha y actor sin sobrescribir evidencia Bold | 3. Ajustar UI para solicitar soporte y usar reversos compensatorios","server/src/service/invoice.service.ts; Comando y ledger de pago manual (nuevos); client/src/app/views/admin/admin-facturacion.vue","T-019","16–24","Backend / líder técnico","Alto","Repetir una operación no duplica abono | Toda modificación de saldo tiene evento, actor y motivo; no permite ocultar una referencia de pasarela","Q-API y Q-UI: pago manual duplicado, rol no permitido y ajuste/reverso conciliados.","Cerrar temporalmente operación manual; nunca borrar eventos contabilizados, compensar mediante operación aprobada.","Backend / líder técnico (nombre por asignar)","Pendiente"
"T-022","Crear tokens de invitación y activación de un solo uso","WS-004","Backend / cuentas","Alta","P1","Fase 2 – Estabilización","Resolver parte trazable de WS-004. Persistir hash, propósito, vencimiento y consumo de token con migración aditiva.","1. Persistir hash, propósito, vencimiento y consumo de token con migración aditiva | 2. Implementar activación pública con prueba del token y validación de contraseña | 3. Consumir token y activar cuenta en una transacción; limitar reintentos","server/src/web/rest/person.controller.ts; server/src/web/rest/account.controller.ts; Entidad de token y migración (nuevas)","T-010; T-015","16–24","Backend / líder técnico","Alto","Token vencido/reutilizado/otro propósito no activa cuenta | Dos consumos simultáneos solo permiten una activación; secreto nunca se guarda en claro","Q-API: token válido, inválido, replay y carrera; Q-DB para migración de tabla nueva.","Desactivar emisión/consumo por flag nuevo y revocar tokens pendientes; conservar cuentas ya activadas legítimamente.","Backend / líder técnico (nombre por asignar)","Pendiente"
"T-023","Entregar invitaciones verificables por correo","WS-004","Backend / cuentas","Alta","P1","Fase 2 – Estabilización","Resolver parte trazable de WS-004. Acordar proveedor, dominio remitente y prueba de entrega con negocio.","1. Acordar proveedor, dominio remitente y prueba de entrega con negocio | 2. Encapsular envío, reintento acotado e idempotencia sin tokens en logs | 3. Vincular alta administrativa a emisión tras commit y ofrecer reenvío seguro","server/src/web/rest/person.controller.ts; Adaptador de correo e integración de invitaciones (nuevos)","T-022","16–24","Backend / líder técnico","Medio","Cuenta nueva recibe enlace funcional en buzón de pruebas | Fallo de proveedor muestra estado pendiente recuperable sin duplicar usuario ni enviar claves","Q-API: adaptador de correo y buzón sandbox; comprobar rebote, retry y enlace de host permitido.","Pausar envíos y conservar cola/estado; anular enlaces no entregados si hay sospecha de fuga.","Backend / líder técnico (nombre por asignar)","Pendiente"
"T-024","Habilitar recuperación pública segura de contraseña","WS-004","Backend / cuentas","Alta","P1","Fase 2 – Estabilización","Resolver parte trazable de WS-004. Implementar inicio con respuesta neutra y token de propósito reset.","1. Implementar inicio con respuesta neutra y token de propósito reset | 2. Validar vencimiento/uso único y contraseña; revocar sesiones al completar | 3. Enviar notificación de cambio y proteger contra enumeración y ráfagas","server/src/web/rest/person.controller.ts; server/src/web/rest/account.controller.ts; server/src/service/session.service.ts","T-008; T-022; T-029","16–24","Backend / líder técnico","Alto","Usuario sin sesión recupera acceso y sus sesiones previas quedan revocadas | Respuesta no revela existencia de cuenta; token de activación no sirve para reset","Q-API: correo existente/no existente, límites, replay, reset concurrente y revocación.","Suspender inicio/finish por flag y ofrecer soporte verificado; no restaurar contraseñas previas ni sesiones revocadas.","Backend / líder técnico (nombre por asignar)","Pendiente"
"T-025","Completar UI de activación y recuperación","WS-004","Backend / cuentas","Alta","P1","Fase 2 – Estabilización","Resolver parte trazable de WS-004. Conectar vistas/rutas activas con contratos nuevos.","1. Conectar vistas/rutas activas con contratos nuevos | 2. Retirar mensaje teléfono como contraseña y alinear regla 12 caracteres/72 bytes con backend | 3. Añadir estados expirado/usado/reenvío/error sin revelar cuenta","server/src/web/rest/person.controller.ts; client/src/app/account/activate/activate.vue; client/src/app/account/reset-password/init/reset-password-init.vue; client/src/app/account/reset-password/finish/reset-password-finish.vue; client/src/app/views/admin/admin-usuarios.vue","T-023; T-024","12–20","Frontend Vue","Medio","Nuevo suscriptor establece clave, entra, sale y recupera sin asistencia técnica | Textos y errores reflejan límites reales; no hay pantallas de éxito ficticias","Q-UI: viaje de alta a reset en navegador y pruebas de componentes usados por router.","Deshabilitar acciones nuevas conservando página explicativa y canal verificado; API y tokens válidos siguen compatibles.","Frontend Vue (nombre por asignar)","Pendiente"
"T-026","Hacer transaccional el alta de persona, cuenta y dirección","WS-017","Backend / transacciones","Media","P2","Fase 2 – Estabilización","Resolver parte trazable de WS-017. Extraer alta compuesta a servicio con un EntityManager transaccional.","1. Extraer alta compuesta a servicio con un EntityManager transaccional | 2. Aplicar unicidad y convertir errores públicos a conflicto estable | 3. Emitir invitación solo tras commit","server/src/web/rest/person.controller.ts; server/src/service/person.service.ts; server/src/service/auth.service.ts","T-014; T-017","12–20","Backend / líder técnico","Alto","Fallo tras cualquiera de las tres escrituras deja cero objetos parciales | Reintento legítimo no encuentra cuenta huérfana; correo no sale antes de commit","Q-API: fault injection en cada escritura y documento/correo duplicados.","Suspender altas y conservar registros confirmados; no usar compensación parcial que borre datos válidos.","Backend / líder técnico (nombre por asignar)","Pendiente"
"T-027","Persistir intentos y eventos de pago conciliables","WS-005","Backend / pagos","Alta","P1","Fase 2 – Estabilización","Resolver parte trazable de WS-005. Crear ledger aditivo de intentos/eventos con referencia e idempotencia.","1. Crear ledger aditivo de intentos/eventos con referencia e idempotencia | 2. Migrar referencias conocidas sin inventar fechas históricas | 3. Registrar inicio y confirmación con correlación de factura y transacción","server/src/service/bold.service.ts; Entidad y migración de intento/evento de pago (nuevas)","T-018; T-019","16–24","Backend / líder técnico","Alto","Cada referencia emitida tiene registro durable y no se pierde al reintentar | ID de transacción duplicado no abona otra factura","Q-DB y Q-API: upgrade del esquema, duplicados y trazabilidad hasta factura.","Conservar ledger y dejarlo en lectura; detener nuevos checkouts si versión anterior no conserva referencias.","Backend / líder técnico (nombre por asignar)","Pendiente"
"T-028","Conciliar webhooks desconocidos y cobros históricos","WS-005","Backend / pagos","Alta","P1","Fase 2 – Estabilización","Resolver parte trazable de WS-005. Persistir evento firmado desconocido en bandeja durable con alerta.","1. Persistir evento firmado desconocido en bandeja durable con alerta | 2. Definir acuse tras persistencia, reintento y revisión manual con fuente Bold autorizada | 3. Conciliar periodo expuesto con exportación del comercio sin reprocesar cargos","server/src/service/bold.service.ts; server/src/web/rest/bold.controller.ts; Runbook de conciliación (nuevo)","T-027","16–24","Backend / líder técnico","Alto","Evento desconocido no se pierde silenciosamente y genera revisión | Importe/moneda/firma inválidos no modifican saldo; conciliación histórica tiene responsable y diferencias resueltas","Q-API: repetición/desorden/evento desconocido; Q-DOC: conciliación de importes con evidencia del comercio.","Mantener recepción durable y suspender aplicación automática de casos dudosos; no volver a cobrar ni borrar eventos.","Backend / líder técnico (nombre por asignar)","Pendiente"
"T-029","Limitar abuso de login y registro sin bloquear el hilo","WS-013","Seguridad / disponibilidad","Media","P2","Fase 2 – Estabilización","Resolver parte trazable de WS-013. Combinar cuota por cuenta, origen confiable y capacidad; incluir registro/reset.","1. Combinar cuota por cuenta, origen confiable y capacidad; incluir registro/reset | 2. Cambiar compareSync por comparación asíncrona | 3. Validar proxy confiable y falsificación de IP; medir latencia y rechazos","server/src/security/login-rate-limit.service.ts; server/src/security/password-util.ts; server/src/web/rest/account.controller.ts","T-014","12–20","Backend / líder técnico","Medio","Rotar nombres no elude cuota de origen/capacidad | 429 controlado, contraseñas siguen validando y tráfico permitido cumple presupuesto acordado","Q-API y Q-PERF: ráfagas sintéticas acotadas en staging, múltiples cuentas/IP simuladas.","Ajustar umbrales con métricas manteniendo cuota global; no volver a bcrypt síncrono ni abrir registro sin límites.","Backend / líder técnico (nombre por asignar)","Pendiente"
"T-030","Alinear permisos por operación entre UI y API","WS-027","Frontend / autorización","Media","P2","Fase 2 – Estabilización","Resolver parte trazable de WS-027. Acordar matriz explícita USER/ADMIN/OPERATOR por ruta y registro.","1. Acordar matriz explícita USER/ADMIN/OPERATOR por ruta y registro | 2. Aplicar a menús/router y decoradores sin herencia implícita | 3. Añadir pruebas con cada rol aislado y cuentas ajenas","client/src/app/router/entities.ts; server/src/security/guards/roles.guard.ts; client/src/app/router/","T-005; T-014","8–16","Backend / líder técnico","Alto","Permisos aprobados coinciden en UI/API para todas las rutas afectadas | Ocultar menú nunca es la única autorización y no se amplía ADMIN por accidente","Q-API y Q-UI: tabla de positivos y negativos por rol; 401/403/404 definidos.","Cerrar rutas nuevas si hay duda; restaurar matriz restrictiva anterior sin habilitar accesos cruzados.","Backend / líder técnico (nombre por asignar)","Pendiente"
"T-031","Reproducir contenedores desde el lock y runtime único","WS-036","DevOps","Media","P2","Fase 2 – Estabilización","Resolver parte trazable de WS-036. Elegir topología y versión soportada de Node tras comprobar compatibilidad en ejecución.","1. Elegir topología y versión soportada de Node tras comprobar compatibilidad en ejecución | 2. Incluir lock raíz y npm ci con workspaces; fijar imágenes por digest y validar scripts nativos | 3. Ejecutar con usuario no privilegiado y probar imagen final","Dockerfile; .dockerignore; server/Dockerfile; client/Dockerfile; .github/workflows/security-checks.yml","T-004","16–24","DevOps / seguridad","Alto","Dos builds del mismo lock resuelven las mismas versiones; imagen ejecuta el runtime acordado | Proceso sin root y smoke de API/cliente supera regresión","Q-IMAGE: build de topología elegida y test en contenedor final; cotejar lock y UID.","Desplegar digest previo compatible con secretos nuevos y schema expandido; no reconstruir imagen vieja con dependencias distintas.","DevOps / seguridad (nombre por asignar)","Pendiente"
"T-032","Declarar variables y persistencia por entorno","WS-038","DevOps / configuración","Media","P2","Fase 2 – Estabilización","Resolver parte trazable de WS-038. Declarar variables obligatorias y pasarlas explícitamente mediante secretos.","1. Declarar variables obligatorias y pasarlas explícitamente mediante secretos | 2. Separar compose de desarrollo, staging y despliegue; eliminar trust fuera de fixtures aislados | 3. Verificar volumen persistente y fallo de arranque por configuración incompleta sin imprimir valores","docker/app.yml; docker/postgresql.yml; server/src/main.ts","T-003; T-031","8–16","DevOps / seguridad","Alto","Falta de variable cancela arranque con nombre y sin secreto | Reinicio conserva datos en entorno persistente y credenciales no quedan en imagen","Q-CONFIG y Q-IMAGE: smoke positivo/negativo y prueba de reinicio en staging.","Restaurar versión de configuración no secreta; mantener credenciales rotadas y volumen existente.","DevOps / seguridad (nombre por asignar)","Pendiente"
"T-033","Unificar cabeceras HTTP con política compatible con Bold","WS-012","Seguridad","Media","P2","Fase 2 – Estabilización","Resolver parte trazable de WS-012. Capturar cabeceras actuales en ambas topologías admitidas.","1. Capturar cabeceras actuales en ambas topologías admitidas | 2. Introducir CSP en reporte y ensayar scripts/conexiones Bold; después aplicar | 3. Activar HSTS solo con HTTPS completo y revisar permisos, framing y caché de datos privados","server/src/main.ts; client/nginx.conf","T-031; T-032","8–16","DevOps / seguridad","Medio","HTML/API devuelven políticas acordadas y pago funciona sin violaciones inesperadas | Ningún recurso privado queda cacheado públicamente; prueba HTTPS completa precede HSTS","Q-HEADERS y Q-UI: checkout sandbox, login/refresh, PDF y reporte CSP.","Volver CSP a report-only si rompe carga; HSTS no se revierte inmediatamente en clientes, por eso aplicar max-age gradual.","DevOps / seguridad (nombre por asignar)","Pendiente"
"T-034","Reenviar Socket.IO y verificar reconexión","WS-037","DevOps / proxy","Media","P2","Fase 2 – Estabilización","Resolver parte trazable de WS-037. Configurar ruta /socket.io y Upgrade/Connection en proxy.","1. Configurar ruta /socket.io y Upgrade/Connection en proxy | 2. Definir timeouts, origen y reconexión para topología elegida | 3. Probar polling y upgrade sin presentar simulaciones como reales","client/nginx.conf; server/src/web/rest/tank-level.gateway.ts","T-013; T-031","4–8","DevOps / seguridad","Bajo","Handshake recibe respuesta Engine.IO y upgrade funciona | Reiniciar backend reconecta con estado de desconexión visible","Q-SOCKET y Q-UI sobre Nginx de staging; no basta prueba directa contra Nest.","Desactivar tarjeta/stream y mantener API HTTP; restaurar proxy previo solo con telemetría explícitamente fuera de servicio.","DevOps / seguridad (nombre por asignar)","Pendiente"
"T-035","Añadir health de aplicación y dependencias","WS-042","Observabilidad","Media","P2","Fase 2 – Estabilización","Resolver parte trazable de WS-042. Separar liveness de readiness con timeout de PostgreSQL.","1. Separar liveness de readiness con timeout de PostgreSQL | 2. Proteger detalles y reflejar versión real de release | 3. Conectar readiness al despliegue y comprobar pérdida controlada de DB","docker/prometheus/prometheus.yml; server/src/web/rest/management.controller.ts; Dockerfile","T-032","12–20","DevOps / seguridad","Medio","DB caída retira readiness sin reinicios en bucle por liveness | Endpoints públicos no revelan secretos y versión coincide con imagen","Q-HEALTH: fallo de conexión simulado y healthcheck real del contenedor.","Volver regla de encaminamiento anterior manteniendo alarma manual; no usar TCP como evidencia de salud de DB.","DevOps / seguridad (nombre por asignar)","Pendiente"
"T-036","Cerrar regresión HTTP y navegador de los riesgos altos","WS-043","Pruebas","Media","P1","Fase 2 – Estabilización","Resolver parte trazable de WS-043. Integrar pruebas específicas ya creadas por cada corrección en viajes reales.","1. Integrar pruebas específicas ya creadas por cada corrección en viajes reales | 2. Ejecutar identidad, alta, reset, sesiones, pago/PDF y matriz de roles sobre staging | 3. Capturar evidencia por hallazgo y revisar con dueño de negocio","server/e2e/account.e2e-spec.ts; server/e2e/; client/e2e/ (nuevo)","T-005; T-006; T-007; T-008; T-009; T-020; T-021; T-025; T-026; T-028; T-030; T-035","16–24","QA / automatización","Alto","Todos los casos de alto riesgo pasan con guardas reales y PostgreSQL | No hay diferencias financieras no conciliadas; fallo de caso bloquea hito","Q-API y Q-UI completos; repetir casos concurrentes con barreras para evitar éxitos accidentales.","No promover release fallida; conservar restricciones F1 y abrir defecto con reproducción.","QA / automatización (nombre por asignar)","Pendiente"
"T-037","Sanear historial tras revocar secretos y añadir prevención","WS-003","Seguridad","Alta","P1","Fase 2 – Estabilización","Resolver parte trazable de WS-003. Inventariar clones, forks, tags y responsables de integraciones.","1. Inventariar clones, forks, tags y responsables de integraciones | 2. Acordar ventana y copia restringida; ejecutar saneamiento solo con autorización de reescritura | 3. Reincorporar colaboradores y añadir escaneo preventivo sin registrar valores",".github/workflows/security-checks.yml; Referencias Git y clones (operación externa coordinada)","T-003; T-010","8–16","DevOps / seguridad","Alto","Ramas/tags distribuidos acordados no contienen secretos detectados | Revocación fue previa; forks/clones fuera de control quedan identificados con seguimiento","Q-SECRET: escaneo local de referencias y revisión de protección CI; no ejecutar comandos que impriman blobs.","Conservar copia forense con acceso restringido; restaurar solo referencias saneadas y coordinar rebase, nunca publicar otra vez secretos.","DevOps / seguridad (nombre por asignar)","Pendiente"
"T-038","Validar contratos financieros e ID de ruta","WS-010; WS-021","Backend / validación; Backend / contratos","Media","P2","Fase 3 – Consolidación","Resolver parte trazable de WS-010, WS-021. Separar DTO de alta/edición para facturas y lecturas con tipos, rangos, fechas y campos permitidos.","1. Separar DTO de alta/edición para facturas y lecturas con tipos, rangos, fechas y campos permitidos | 2. Hacer ID de ruta autoritativo y rechazar discrepancias o ausencia de registro | 3. Adaptar clientes antes de activar whitelist/rechazo de extras en estas rutas","server/src/service/dto/invoice.dto.ts; server/src/web/rest/invoice.controller.ts; server/src/service/dto/; server/src/service/mapper/; server/src/web/rest/meter.controller.ts","T-019; T-020","12–20","Backend / líder técnico","Medio","Negativos, fechas/estados inválidos y campos extra reciben 400 sin escritura | PUT /1 con id 2 no altera ninguno; inexistente devuelve 404","Q-API: matriz de entradas inválidas y contratos actuales válidos para web/móvil.","Mantener allowlist de campos financieros; desactivar únicamente incompatibilidad de cliente identificada mediante parche específico.","Backend / líder técnico (nombre por asignar)","Pendiente"
"T-039","Validar DTO e IDs del resto del CRUD","WS-010; WS-021","Backend / validación; Backend / contratos","Media","P2","Fase 3 – Consolidación","Resolver parte trazable de WS-010, WS-021. Aplicar DTO anidados y mapeos explícitos a personas, direcciones, noticias y reportes.","1. Aplicar DTO anidados y mapeos explícitos a personas, direcciones, noticias y reportes | 2. Validar formato de login nuevo y mantener compatibilidad de usuarios previos | 3. Activar política global solo tras inventariar interfaces inline y adaptar cada ruta","server/src/service/dto/invoice.dto.ts; server/src/web/rest/invoice.controller.ts; server/src/main.ts; server/src/web/rest/person.controller.ts; server/src/web/rest/address.controller.ts; server/src/web/rest/noticia.controller.ts; server/src/web/rest/reporte.controller.ts","T-038; T-030","16–24","Backend / líder técnico","Medio","Todos los PUT con ID respetan URL y no insertan accidentalmente | Contratos IA/móvil/refresh siguen funcionando y se rechazan extras peligrosos","Q-API: contrato parametrizado por cada controlador del inventario, sin depender solo de Swagger.","Revertir por ruta al DTO anterior seguro; evitar retirar globalmente validación para resolver una incompatibilidad puntual.","Backend / líder técnico (nombre por asignar)","Pendiente"
"T-040","Acotar listados y corregir enlaces de paginación","WS-022; WS-023","Rendimiento / API; Backend / contratos","Media","P2","Fase 3 – Consolidación","Resolver parte trazable de WS-022, WS-023. Validar page/size y sort con límites y lista de campos.","1. Validar page/size y sort con límites y lista de campos | 2. Calcular páginas con ceil y limitar next/last | 3. Publicar límites y total/cursor de contrato","server/src/domain/base/pagination.entity.ts; server/src/client/header-util.ts","T-039","8–16","Backend / líder técnico","Bajo","size negativo/excesivo y sort desconocido se rechazan o normalizan según contrato | Para 21 registros y size 20, last=1; cero registros y última página no generan next inválido","Q-UNIT y Q-API: tabla 0/1/20/21 registros, límites, desbordamiento y entradas no numéricas.","Conservar límite máximo y corregir enlaces sin reabrir listados ilimitados.","Backend / líder técnico (nombre por asignar)","Pendiente"
"T-041","Eliminar N+1 y añadir búsqueda paginada","WS-022","Rendimiento / API","Media","P2","Fase 3 – Consolidación","Resolver parte trazable de WS-022. Reescribir getUsersWithStatus y bootstrap móvil con consultas por lote.","1. Reescribir getUsersWithStatus y bootstrap móvil con consultas por lote | 2. Añadir búsqueda de suscriptores y paginación de noticias públicas | 3. Medir consultas y latencia con datos sintéticos representativos","server/src/domain/base/pagination.entity.ts; server/src/service/user.service.ts; server/src/service/mobile.service.ts; server/src/web/rest/public-noticias.controller.ts","T-017; T-018; T-040","12–20","Backend / líder técnico","Medio","Número de consultas no crece linealmente con 20/100 filas | Suscriptor fuera de primera página aparece por búsqueda; resultados no filtran datos de otro rol","Q-PERF y Q-API: conteo de SQL y EXPLAIN con filtro; presupuesto propuesto <=5 consultas por página, validar en T-004.","Restaurar consulta anterior acotada y conservar paginación; investigar plan SQL sin quitar filtros de autorización.","Backend / líder técnico (nombre por asignar)","Pendiente"
"T-042","Paginar búsquedas y listas administrativas completas","WS-024","Frontend / UX","Media","P2","Fase 3 – Consolidación","Resolver parte trazable de WS-024. Consumir búsqueda servidor y total/cursor en facturación.","1. Consumir búsqueda servidor y total/cursor en facturación | 2. Incorporar navegación en usuarios/noticias e historial afectado | 3. Cancelar requests viejos y separar vacío, carga y error","client/src/app/views/admin/admin-facturacion.vue; client/src/app/views/admin/admin-usuarios.vue; client/src/app/views/admin/admin-noticias.vue","T-041","12–20","Frontend Vue","Medio","Cuenta 201 y suscriptor 21 son accesibles mediante UI | Respuesta vieja no sobrescribe filtro nuevo y errores no parecen lista vacía","Q-UI: fixture >200 usuarios y >20 suscriptores/noticias, respuestas fuera de orden.","Conservar filtro/contrato API y ofrecer navegación simple si falla búsqueda avanzada.","Frontend Vue (nombre por asignar)","Pendiente"
"T-043","Acordar definiciones de consumo, recaudo y vencimiento","WS-018; WS-047","Backend / métricas; Frontend / fechas","Media","P1","Fase 3 – Consolidación","Resolver parte trazable de WS-018, WS-047. Definir consumo por diferencia, reinicio de medidor y datos faltantes con negocio.","1. Definir consumo por diferencia, reinicio de medidor y datos faltantes con negocio | 2. Definir fecha de cobro real y tratamiento de pagos históricos sin timestamp verificable | 3. Acordar día/hora/zona de vencimiento y casos de medianoche","server/src/service/admin-stats.service.ts; client/src/app/views/portal/mis-facturas.vue; Contrato de métricas/calendario aprobado (nuevo)","T-021; T-028","8–12","Backend / líder técnico","Bajo","Ejemplos aprobados: 100 a 110 equivale a 10 y pago en mes distinto se asigna al cobro | Regla de vencimiento y tratamiento desconocido documentados sin inventar fechas","Q-DOC: tabla de ejemplos firmada por responsable de facturación.","Mantener indicadores como no verificados si negocio no decide; no publicar cálculos arbitrarios.","Backend / líder técnico (nombre por asignar)","Pendiente"
"T-044","Tratar fechas de calendario y mora de forma uniforme","WS-047","Frontend / fechas","Media","P2","Fase 3 – Consolidación","Resolver parte trazable de WS-047. Evitar parseo UTC de YYYY-MM-DD para visualización de calendario.","1. Evitar parseo UTC de YYYY-MM-DD para visualización de calendario | 2. Compartir criterio de vencimiento aprobado en API/cron/UI | 3. Probar fecha límite en Bogotá y navegador con otra zona","client/src/app/views/portal/mis-facturas.vue; server/src/service/notification.service.ts","T-043","8–16","Frontend Vue","Medio","2026-10-05 se muestra como 5 de octubre en Bogotá | Mora cambia en instante de negocio acordado, de igual forma en UI/API","Q-UNIT y Q-UI: medianoche, fin de mes, año bisiesto y zonas distintas.","Mostrar fecha literal y suspender etiqueta de mora calculada localmente hasta corregir discrepancia.","Frontend Vue (nombre por asignar)","Pendiente"
"T-045","Corregir agregación de consumo en los tableros","WS-018","Backend / métricas","Media","P2","Fase 3 – Consolidación","Resolver parte trazable de WS-018. Usar consumos confirmados/diferencias según definición aprobada.","1. Usar consumos confirmados/diferencias según definición aprobada | 2. Aplicar misma consulta al resumen admin y portal | 3. Tratar primer registro, reinicio y huecos como datos incompletos explícitos","server/src/service/admin-stats.service.ts; server/src/service/portal.service.ts","T-043; T-020","12–20","Backend / líder técnico","Medio","Series de lecturas conocidas cuadran con facturas y suma del periodo | No se suman acumulados ni se inventa consumo faltante","Q-UNIT y Q-API: fixtures multi-mes y cambio de medidor; comparar resultado tabular y gráfico.","Ocultar indicador incorrecto conservando datos brutos; no reescribir lecturas para hacer coincidir tablero.","Backend / líder técnico (nombre por asignar)","Pendiente"
"T-046","Atribuir recaudo a eventos de pago verificables","WS-018","Backend / métricas","Media","P2","Fase 3 – Consolidación","Resolver parte trazable de WS-018. Guardar timestamp confiable de pago y fuente en eventos.","1. Guardar timestamp confiable de pago y fuente en eventos | 2. Agrupar recaudo por fecha de cobro y excluir pendientes | 3. Clasificar históricos sin evidencia como fecha desconocida y conciliar totales","server/src/service/admin-stats.service.ts; Ledger de pagos propuesto; server/src/service/portal.service.ts","T-043; T-028; T-021","12–20","Backend / líder técnico","Alto","Factura emitida en un mes y pagada al siguiente cuenta en el segundo | Total de caja concilia con eventos; histórico sin fecha no se atribuye a emisión por defecto","Q-DB y Q-API: duplicados, reversos, cobro parcial si negocio lo admite y periodos.","Mantener eventos y restaurar vista sin desglose temporal si hay inconsistencia; no alterar contabilización.","Backend / líder técnico (nombre por asignar)","Pendiente"
"T-047","Añadir outbox transaccional de eventos de facturación","WS-019; WS-020","Observabilidad / notificaciones; Observabilidad / tareas","Media","P2","Fase 3 – Consolidación","Resolver parte trazable de WS-019, WS-020. Crear tabla aditiva de eventos y claves de idempotencia.","1. Crear tabla aditiva de eventos y claves de idempotencia | 2. Escribir factura/actividad/evento con mismo manager en transacción | 3. Separar confirmación financiera de entrega de notificación","server/src/service/billing.service.ts; server/src/service/notification.service.ts; Entidad outbox y migración (nuevas)","T-015; T-019; T-028","16–24","Backend / líder técnico","Alto","Commit financiero siempre deja evento durable correspondiente | Rollback de factura no deja aviso y entrega caída no pierde evento","Q-DB y Q-API: caída antes/después de commit y posterior recuperación.","Pausar consumidor y conservar outbox; no borrar eventos pendientes ni duplicar entrega legacy.","Backend / líder técnico (nombre por asignar)","Pendiente"
"T-048","Entregar avisos y actividad de forma idempotente","WS-019","Observabilidad / notificaciones","Media","P2","Fase 3 – Consolidación","Resolver parte trazable de WS-019. Consumir eventos con locking, reintento acotado y clave única de entrega.","1. Consumir eventos con locking, reintento acotado y clave única de entrega | 2. Registrar creación desde flujo canónico y actor | 3. Añadir estado fallido revisable sin exponer PII en logs","server/src/service/billing.service.ts; Consumidor outbox (nuevo); server/src/service/notification.service.ts","T-047","12–20","Backend / líder técnico","Medio","Cada factura canónica genera aviso y actividad una sola vez | Caída de entrega se recupera sin deshacer pago ni perder aviso","Q-API: dos consumidores, reintento y red caída; verificar actividad/aviso persistidos.","Detener consumidores manteniendo cola y usar reenvío controlado por clave; no habilitar dos mecanismos sin deduplicar.","Backend / líder técnico (nombre por asignar)","Pendiente"
"T-049","Recuperar cron omitido sin duplicar avisos","WS-020","Observabilidad / tareas","Media","P2","Fase 3 – Consolidación","Resolver parte trazable de WS-020. Persistir ventanas procesadas y recuperar días pendientes.","1. Persistir ventanas procesadas y recuperar días pendientes | 2. Fijar zona aprobada y deduplicar por factura/tipo/fecha | 3. Ensayar dos réplicas y caída de 48 horas","server/src/service/notification.service.ts; Marca durable de cron (nueva)","T-048; T-044","12–20","Backend / líder técnico","Medio","Dos réplicas generan una sola entrega lógica | Reinicio procesa atrasos sin repetir avisos ni omitir vencimientos","Q-API con reloj controlado, dos workers y marca de progreso durable.","Pausar cron automático y mantener backlog; recuperar por lotes idempotentes revisados.","Backend / líder técnico (nombre por asignar)","Pendiente"
"T-050","Conectar actividad real y calidad de datos del tablero","WS-025","Frontend / datos operativos","Media","P2","Fase 3 – Consolidación","Resolver parte trazable de WS-025. Sustituir lista fija por API paginada con permisos.","1. Sustituir lista fija por API paginada con permisos | 2. Mostrar actor, instante y estado vacío/error de forma clara | 3. Mantener telemetría sin fuente deshabilitada y documentar contrato futuro autenticado","client/src/app/views/admin/admin-actividad.vue; client/src/app/views/admin/admin-resumen.vue","T-048","8–16","Frontend Vue","Bajo","Pago/lectura de prueba aparecen desde API sin nombres fijos | Telemetría no integrada se muestra Sin fuente; no se entrega integración física inexistente","Q-UI y Q-API: evento real sintético, desconexión y cuenta sin permiso.","Ocultar actividad ante fallo; conservar estado sin datos y no volver a mocks de producción.","Frontend Vue (nombre por asignar)","Pendiente"
"T-051","Asociar etiquetas y mensajes de formularios","WS-028","Accesibilidad","Media","P2","Fase 3 – Consolidación","Resolver parte trazable de WS-028. Inventariar controles activos y asignar id/for únicos.","1. Inventariar controles activos y asignar id/for únicos | 2. Vincular ayudas/errores con aria-describedby y nombres de botones | 3. Verificar formularios de alta, edición y cuentas con lector","client/src/app/views/admin/admin-usuarios.vue; client/src/app/views/admin/","T-025","8–12","Frontend Vue","Bajo","Cada control tiene nombre accesible inequívoco | Error es anunciado y referencia a su campo sin IDs duplicados","Q-A11Y: análisis automático más NVDA/teclado en flujos activos.","Revertir marcado defectuoso de forma local manteniendo asociación accesible alternativa.","Frontend Vue (nombre por asignar)","Pendiente"
"T-052","Garantizar foco y teclado en modales","WS-029","Accesibilidad","Media","P2","Fase 3 – Consolidación","Resolver parte trazable de WS-029. Crear componente/modal común con rol, nombre y aria-modal.","1. Crear componente/modal común con rol, nombre y aria-modal | 2. Gestionar foco inicial, contención, Escape y retorno | 3. Migrar modales activos y validar superposición/scroll","client/src/app/views/admin/admin-usuarios.vue; Componente modal compartido (nuevo)","T-051","12–20","Frontend Vue","Medio","Usuario completa y cierra cada modal solo con teclado | Al cerrar vuelve al activador y lector anuncia título sin acceder al fondo","Q-A11Y y Q-UI: tab/shift-tab/Escape, apertura anidada y móvil.","Deshabilitar modal problemático ofreciendo formulario en página accesible; no quitar control de foco globalmente.","Frontend Vue (nombre por asignar)","Pendiente"
"T-053","Dar equivalentes textuales a los gráficos","WS-030","Accesibilidad","Media","P2","Fase 3 – Consolidación","Resolver parte trazable de WS-030. Añadir título y resumen accesible a cada gráfico.","1. Añadir título y resumen accesible a cada gráfico | 2. Renderizar tabla de la misma serie y estados independientes del color | 3. Validar lectura y valores frente a API","client/src/app/views/portal/portal-dashboard.vue; client/src/app/views/portal/mi-consumo.vue","T-045","8–12","Frontend Vue","Bajo","Todos los puntos de la serie se consultan sin canvas | Tabla, resumen y gráfico coinciden y funcionan al ocultar colores","Q-A11Y: lector y tabla con fixtures; Q-UI de vacío y error.","Presentar solo tabla si gráfico falla; no retirar acceso a los datos.","Frontend Vue (nombre por asignar)","Pendiente"
"T-054","Liberar listeners y gráficos al desmontar","WS-026","Rendimiento","Baja","P2","Fase 3 – Consolidación","Resolver parte trazable de WS-026. Registrar resize en montaje y retirarlo con misma función.","1. Registrar resize en montaje y retirarlo con misma función | 2. Destruir instancias Chart y cancelar peticiones | 3. Probar navegación repetida en las cinco vistas afectadas","client/src/app/views/admin/admin-facturacion.vue; client/src/app/views/admin/admin-usuarios.vue; client/src/app/views/admin/admin-noticias.vue; client/src/app/views/admin/admin-actividad.vue","T-004","4–8","Frontend Vue","Bajo","Tras 20 entradas/salidas listeners y gráficos vuelven al conteo inicial | No se actualiza una vista desmontada","Q-UI: espías add/removeEventListener y destroy; perfil de memoria sin crecimiento sostenido.","Volver vista individual a render sin gráfico si falla lifecycle; no reintroducir listeners globales sin limpieza.","Frontend Vue (nombre por asignar)","Pendiente"
"T-055","Reducir carga inicial y configurar caché de assets","WS-033","Rendimiento","Media","P2","Fase 3 – Consolidación","Resolver parte trazable de WS-033. Medir móvil con configuración estable y mapa de imports.","1. Medir móvil con configuración estable y mapa de imports | 2. Diferir Chart y funciones administrativas; retirar CSS duplicado | 3. Configurar caché de assets con hash y compresión en borde manteniendo HTML/datos privados sin caché","client/src/app/main.ts; client/src/content/scss/; client/nginx.conf","T-054","12–20","Frontend Vue","Medio","Bundle inicial gzip disminuye al menos 20% respecto a 301616 bytes o se justifica nuevo presupuesto medido | Navegación crítica funciona y no se cachean respuestas con datos personales","Q-BUILD y Q-PERF con mismo escenario; Q-HEADERS para compresión/caché.","Desplegar assets anteriores junto a HTML compatible; conservar archivos de ambas versiones durante transición.","Frontend Vue (nombre por asignar)","Pendiente"
"T-056","Obtener escaneo vigente y mapa de actualización","WS-034","Dependencias","Media","P2","Fase 3 – Consolidación","Resolver parte trazable de WS-034. Obtener autorización explícita para enviar metadata a npm o informe equivalente aprobado.","1. Obtener autorización explícita para enviar metadata a npm o informe equivalente aprobado | 2. Separar runtime/dev, alcanzabilidad y deprecaciones | 3. Seleccionar versiones soportadas con documentación actual y lista de cambios; priorizar vulnerabilidades explotables si aparecen","package-lock.json; package.json; client/package.json; server/package.json","T-003; T-031","8–16","DevOps / seguridad","Bajo","Inventario completo tiene fecha de escaneo y decisión por alerta | Resultado bloqueado no se interpreta como cero; críticas/altas nuevas escalan a F1 sin esperar F3","Q-AUDIT; cotejar lock y SBOM con artefacto final. No usar audit fix automático.","No cambia runtime por sí sola; conservar informe y suspender actualizaciones no probadas.","DevOps / seguridad (nombre por asignar)","Pendiente"
"T-057","Preparar sustitución de BootstrapVue y compat","WS-034","Dependencias","Media","P2","Fase 3 – Consolidación","Resolver parte trazable de WS-034. Inventariar componentes/directivas globales, dependencias transitorias y usos CSS.","1. Inventariar componentes/directivas globales, dependencias transitorias y usos CSS | 2. Elegir alternativa mantenida y crear adaptadores mínimos en rama | 3. Portar un componente representativo y fijar contratos de interacción","package-lock.json; client/src/app/shared/config/; client/vite.config.mts","T-056","16–24","Frontend Vue","Medio","Matriz de reemplazo cubre los 11 archivos con b-* detectados y usos indirectos | Prototipo conserva teclado, estilo y pruebas sin agregar otra capa permanente","Q-UI y Q-A11Y del prototipo; revisión del lock y licencia candidata.","Retirar prototipo aislado sin actualizar dependencias de producción; conservar pruebas de contrato.","Frontend Vue (nombre por asignar)","Pendiente"
"T-058","Migrar navegación y componentes compartidos","WS-034","Dependencias","Media","P2","Fase 3 – Consolidación","Resolver parte trazable de WS-034. Migrar navbar, entities-menu y adaptadores comunes.","1. Migrar navbar, entities-menu y adaptadores comunes | 2. Reemplazar directivas/global plugins equivalentes | 3. Probar navegación con roles y modales accesibles","package-lock.json; client/src/app/core/jhi-navbar/jhi-navbar.vue; client/src/app/entities/entities-menu.vue","T-057; T-052","16–24","Frontend Vue","Medio","Componentes comunes no requieren BootstrapVue | Menús, foco y rutas conservan matriz de permisos","Q-UI y Q-A11Y: navbar, menú entidades y adaptadores.","Revertir lote común con lock compatible si no reabre vulnerabilidad; mantener contenciones previas.","Frontend Vue (nombre por asignar)","Pendiente"
"T-059","Migrar componentes administrativos y de entidades","WS-034","Dependencias","Media","P2","Fase 3 – Consolidación","Resolver parte trazable de WS-034. Migrar user-management, address, invoice, meter y person con b-*.","1. Migrar user-management, address, invoice, meter y person con b-* | 2. Conservar contratos validados y mensajes de error | 3. Verificar tablas, edición y formularios sobre componentes del router","package-lock.json; client/src/app/admin/user-management/; client/src/app/entities/","T-058; T-042","16–24","Frontend Vue","Alto","Los nueve archivos administrativos/entidades inventariados dejan de requerir b-* | Crear/editar/listar conserva reglas financieras, paginación y accesibilidad","Q-UI: viaje por entidad con rol autorizado y negativos; snapshot visual de tabla y modal.","Revertir lote de componentes y lock probado sin revertir reglas backend; feature flag de pantalla si es necesario.","Frontend Vue (nombre por asignar)","Pendiente"
"T-060","Migrar login y estilos públicos dependientes","WS-034","Dependencias","Media","P2","Fase 3 – Consolidación","Resolver parte trazable de WS-034. Migrar login-form y estilos derivados de Bootstrap/Bootswatch.","1. Migrar login-form y estilos derivados de Bootstrap/Bootswatch | 2. Revisar registro, activación, recuperación y páginas públicas para dependencias indirectas | 3. Validar tamaños móviles y compatibilidad de navegadores acordados","package-lock.json; client/src/app/account/login-form/login-form.vue; client/src/content/scss/","T-058; T-025","16–24","Frontend Vue","Medio","Login y páginas públicas no dependen del runtime Vue 2 | Flujos de acceso corregidos y estilos esenciales pasan regresión","Q-UI y Q-A11Y: login/alta/reset en móvil y escritorio.","Restaurar lote UI probado conservando API segura; no restaurar textos de contraseña telefónica.","Frontend Vue (nombre por asignar)","Pendiente"
"T-061","Retirar compat y dependencias obsoletas del runtime","WS-034; WS-033","Dependencias; Rendimiento","Media","P2","Fase 3 – Consolidación","Resolver parte trazable de WS-034, WS-033. Eliminar @vue/compat, BootstrapVue, Bootstrap/Bootswatch 4 si matriz confirma sustitución.","1. Eliminar @vue/compat, BootstrapVue, Bootstrap/Bootswatch 4 si matriz confirma sustitución | 2. Regenerar lock de forma controlada y explicar dependencias transitivas restantes | 3. Ejecutar build/regresión y escaneo final del árbol distribuido","package-lock.json; client/src/app/main.ts; client/vite.config.mts; client/package.json","T-059; T-060; T-055","12–20","Frontend Vue","Alto","Runtime distribuido no incluye Vue 2/Bootstrap 4/BootstrapVue retirados | Dependencia deprecated restante tiene eliminación o sustitución aprobada y prueba; escaneo vigente sin altas alcanzables sin resolver","Q-BUILD, Q-UI, Q-AUDIT y árbol de dependencias antes/después.","Volver al último lote compatible solo si no reintroduce vulnerabilidad bloqueante; en ese caso desactivar función afectada y corregir hacia adelante.","Frontend Vue (nombre por asignar)","Pendiente"
"T-062","Validar inventario de datos, finalidades y proveedores","WS-039; WS-040; WS-041","Privacidad / documentación; Privacidad; Privacidad / retención","Media","P2","Fase 3 – Consolidación","Resolver parte trazable de WS-039, WS-040, WS-041. Contrastar proveedor real, región, canal y contrato con responsable de datos.","1. Contrastar proveedor real, región, canal y contrato con responsable de datos | 2. Definir base aplicable por finalidad y evidencia de autorizaciones físicas existentes | 3. Acordar retención, atención de derechos y plazos con asesor competente","client/src/app/views/politica/politica-privacidad.vue; client/src/app/views/login/login.vue; server/src/service/session.service.ts; Inventario de tratamientos y contratos (nuevo, acceso restringido)","T-003; T-023; T-028","8–16","Backend / líder técnico","Medio","Matriz de tratamientos/proveedores tiene responsable y evidencia | Decisiones legales pendientes quedan identificadas, no se sustituye validación por una casilla","Q-DOC: revisión de contratos y operaciones por responsable; fuentes oficiales actualizadas al ejecutar.","No publicar afirmaciones no verificadas; conservar inventario versionado y escalar falta de evidencia.","Backend / líder técnico (nombre por asignar)","Pendiente"
"T-063","Publicar política coherente con la operación comprobada","WS-039","Privacidad / documentación","Media","P2","Fase 3 – Consolidación","Resolver parte trazable de WS-039. Corregir pagos Bold, sesiones, bcrypt y límites reales.","1. Corregir pagos Bold, sesiones, bcrypt y límites reales | 2. Describir proveedores/residencia/backups solo con evidencia | 3. Versionar política y coordinar aviso de cambios con responsable","client/src/app/views/politica/politica-privacidad.vue","T-062; T-029; T-032; T-035","8–12","Frontend Vue","Medio","Cada afirmación de control/proveedor corresponde a evidencia operativa | Texto aprobado, versión/fecha visible y canales de derechos probados","Q-DOC y Q-UI: comparación de texto y matriz de tratamientos.","Publicar corrección aprobada y conservar versiones anteriores como evidencia; no volver a afirmaciones falsas.","Frontend Vue (nombre por asignar)","Pendiente"
"T-064","Guardar evidencia de autorización cuando corresponda","WS-040","Privacidad","Media","P2","Fase 3 – Consolidación","Resolver parte trazable de WS-040. Modelar titular, finalidad, versión, instante, canal y referencia a evidencia.","1. Modelar titular, finalidad, versión, instante, canal y referencia a evidencia | 2. Crear API con identidad verificada y reglas de integridad | 3. Separar tratamientos opcionales de acceso necesario; registrar revocación","client/src/app/views/login/login.vue; Entidad/API de autorización y migración (nuevas)","T-062; T-015","12–20","Backend / líder técnico","Alto","Autorización aplicable puede consultarse y vincularse a texto/version exactos | Otra cuenta no lee ni modifica evidencia; revocación conserva trazabilidad mínima aprobada","Q-API y Q-DB: permisos, repetición, versión nueva y revocación.","Pausar nuevas finalidades opcionales; conservar evidencia ya registrada y usar canal manual validado.","Backend / líder técnico (nombre por asignar)","Pendiente"
"T-065","Completar consentimiento y atención de derechos en UI","WS-040","Privacidad","Media","P2","Fase 3 – Consolidación","Resolver parte trazable de WS-040. Conectar acciones de aceptación/revocación a API y quitar casilla sin efecto probatorio.","1. Conectar acciones de aceptación/revocación a API y quitar casilla sin efecto probatorio | 2. Ofrecer acceso al texto aplicable y confirmación clara | 3. Ensayar solicitud de acceso/corrección/supresión por canal aprobado sin prometer eliminación automática indebida","client/src/app/views/login/login.vue; client/src/app/account/register/register.vue","T-064; T-063","12–20","Frontend Vue","Medio","Decisión persiste y vuelve a mostrarse al recargar | Usuario puede ejercer derechos por flujo documentado con número de seguimiento","Q-UI y Q-DOC: auditoría de evidencia de una solicitud sintética de principio a fin.","Mantener tratamiento opcional deshabilitado y canal manual; no asumir consentimiento por uso continuado.","Frontend Vue (nombre por asignar)","Pendiente"
"T-066","Aplicar purga por retención sin romper sesiones ni idempotencia","WS-041","Privacidad / retención","Media","P2","Fase 3 – Consolidación","Resolver parte trazable de WS-041. Definir elegibilidad de sesiones revocadas/expiradas y datos operativos con ventanas aprobadas.","1. Definir elegibilidad de sesiones revocadas/expiradas y datos operativos con ventanas aprobadas | 2. Implementar dry-run, lotes acotados y métricas sin PII | 3. Preservar hashes anti-replay mientras sesión sea válida y claves de operación durante horizonte offline/reintento","server/src/service/session.service.ts; Job de retención (nuevo); server/src/domain/mobile-operation.entity.ts","T-062; T-015; T-008","12–20","Backend / líder técnico","Alto","Dry-run concilia conteos y purga solo registros elegibles | Refresh replay y sincronización offline siguen protegidos; política pública refleja retención real","Q-API y Q-DB: límites temporales, sesión activa, legal hold y corrida repetida.","Detener job; datos borrados no se recuperan por rollback de código. Restauración selectiva solo autorizada y sin reactivar sesiones expiradas.","Backend / líder técnico (nombre por asignar)","Pendiente"
"T-067","Normalizar formato en cambio separado","WS-044","Calidad","Media","P2","Fase 3 – Consolidación","Resolver parte trazable de WS-044. Acordar finales de línea y exclusiones de artefactos.","1. Acordar finales de línea y exclusiones de artefactos | 2. Aplicar formato por lotes con diff sin cambios funcionales | 3. Rebasar ramas activas de manera coordinada antes de continuar",".gitattributes; .prettierrc; server/eslint.config.mjs; client/eslint.config.mjs","T-036","8–16","Backend / líder técnico","Bajo","Errores prettier/CRLF desaparecen en áreas de entrega | Revisión del diff confirma ausencia de cambios de lógica","Q-LINT y Q-UNIT; cotejo de cambios semánticos separado de formato.","Revertir solo commit de formato en rama de implementación; no descartar correcciones mezcladas.","Backend / líder técnico (nombre por asignar)","Pendiente"
"T-068","Resolver reglas semánticas y añadir tipos Vue a CI","WS-044","Calidad","Media","P2","Fase 3 – Consolidación","Resolver parte trazable de WS-044. Corregir unused/require-await/no-empty y reglas Vue con motivo.","1. Corregir unused/require-await/no-empty y reglas Vue con motivo | 2. Incorporar vue-tsc compatible como dependencia de desarrollo autorizada | 3. Hacer lint sin autofix y tipos obligatorios en CI, excluyendo reportes y generados","client/tsconfig.json; client/package.json; .github/workflows/security-checks.yml","T-067; T-061","12–20","Frontend Vue","Medio","Lint cliente/servidor tiene cero errores y advertencias justificadas con propietario | CI falla ante error de tipos Vue sembrado en rama de prueba","Q-LINT, Q-TYPE y Q-CI; no usar npm test raíz como evidencia.","Retirar solo regla nueva mal calibrada con incidencia y fecha de cierre; conservar comprobaciones de seguridad existentes.","Frontend Vue (nombre por asignar)","Pendiente"
"T-069","Conectar métricas, alertas y correlación operativa","WS-042","Observabilidad","Media","P2","Fase 3 – Consolidación","Resolver parte trazable de WS-042. Exponer métricas por red interna/autenticación y corregir target de Prometheus.","1. Exponer métricas por red interna/autenticación y corregir target de Prometheus | 2. Propagar ID de correlación y duración sin secretos ni PII innecesaria | 3. Crear alertas de pago no conciliado, backlog/cron y DB con procedimiento de respuesta","docker/prometheus/prometheus.yml; server/src/client/interceptors/logging.interceptor.ts; server/src/web/rest/management.controller.ts","T-035; T-028; T-049","12–20","DevOps / seguridad","Medio","Scrape válido y métricas de requests/job/pagos se actualizan | Alerta sintética llega a canal acordado y operador ejecuta runbook","Q-METRICS: scrape, simulación controlada de alerta y revisión de logs.","Desactivar regla ruidosa manteniendo chequeo manual; no exponer endpoint ni retirar diagnóstico esencial.","DevOps / seguridad (nombre por asignar)","Pendiente"
"T-070","Hacer obligatoria la regresión completa y cerrar F3","WS-043","Pruebas","Media","P2","Fase 3 – Consolidación","Resolver parte trazable de WS-043. Integrar suites HTTP/navegador, accesibilidad y presupuestos en CI.","1. Integrar suites HTTP/navegador, accesibilidad y presupuestos en CI | 2. Medir cobertura de ramas de módulos críticos y eliminar expectativas de 500 para flujo implementado | 3. Reauditar F3 y archivar evidencia por tarea/commit","server/e2e/account.e2e-spec.ts; .github/workflows/security-checks.yml; server/e2e/; client/e2e/ (nuevo)","T-036; T-068; T-069; T-061; T-065; T-066; T-053; T-052; T-039; T-040; T-041; T-042; T-044; T-045; T-046; T-050","12–20","QA / automatización","Medio","CI bloquea regresiones críticas con servicios descartables y cero secretos reales | Criterios de F3 y métricas acordadas pasan o hay no-go documentado","Q-CI, Q-API, Q-UI, Q-A11Y, Q-PERF y Q-AUDIT vigentes.","Bloquear promoción sin deshabilitar pruebas para obtener verde; corregir caso o implementación con revisión.","QA / automatización (nombre por asignar)","Pendiente"
"T-071","Incluir recursos públicos en el artefacto","WS-031","SEO / distribución","Baja","P2","Fase 4 – Mejora continua","Resolver parte trazable de WS-031. Definir publicDir/copia explícita para robots, manifest e iconos.","1. Definir publicDir/copia explícita para robots, manifest e iconos | 2. Verificar ambas modalidades de build admitidas | 3. Añadir smoke de URLs y tipos MIME desde imagen final","client/vite.config.mts; client/src/robots.txt; client/src/manifest.webapp","T-061","4–8","Frontend Vue","Bajo","robots.txt y manifest.webapp existen en build y responden sin fallback HTML | Referencias a iconos resuelven y robots no sustituye permisos","Q-BUILD y Q-SEO: petición HTTP y comparación con artefacto.","Revertir regla de copia aislada manteniendo referencias coherentes de HTML.","Frontend Vue (nombre por asignar)","Pendiente"
"T-072","Completar metadatos públicos y comportamiento 404","WS-032","SEO / metadatos","Baja","P3","Fase 4 – Mejora continua","Resolver parte trazable de WS-032. Acordar dominio canónico y páginas indexables con negocio.","1. Acordar dominio canónico y páginas indexables con negocio | 2. Implementar títulos/descripciones/OG/canonical y sitemap, datos estructurados solo si aplican | 3. Probar contenido visible a crawler y 404; limitar prerender a páginas públicas si es necesario","client/src/index.html; client/src/app/router/; client/nginx.conf","T-071","12–20","Frontend Vue","Medio","Inicio/noticias/política muestran metadatos aprobados y sitemap coherente | Rutas inexistentes no simulan páginas válidas; contenido privado permanece protegido","Q-SEO: HTML recibido por crawler, enlaces y códigos de respuesta en staging.","Volver metadatos estáticos correctos y retirar sitemap defectuoso; no indexar contenido privado.","Frontend Vue (nombre por asignar)","Pendiente"
"T-073","Resolver licencia del producto y atribuciones","WS-035","Licencias","Baja","P2","Fase 4 – Mejora continua","Resolver parte trazable de WS-035. Obtener decisión del titular sobre licencia propia sin inferirla del servidor.","1. Obtener decisión del titular sobre licencia propia sin inferirla del servidor | 2. Conciliar licencias del artefacto distribuido, assets y herramientas | 3. Publicar LICENSE/avisos y obligaciones aprobadas según distribución","server/package.json; LICENSE (nuevo); THIRD_PARTY_NOTICES (nuevo); package.json; client/package.json","T-061; T-056","8–16","DevOps / seguridad","Medio","Manifestos del producto son coherentes y avisos corresponden a dependencias entregadas | Entradas LGPL/CC-BY y sin metadata tienen revisión documentada, no declaración genérica de incompatibilidad","Q-DOC y revisión de SBOM/avisos por responsable legal.","Retirar distribución de componente cuestionado hasta resolver derechos; conservar historial de avisos.","DevOps / seguridad (nombre por asignar)","Pendiente"
"T-074","Documentar operación, API y onboarding comprobados","WS-045","Documentación","Baja","P2","Fase 4 – Mejora continua","Resolver parte trazable de WS-045. Reescribir README en español con comandos reales y variables sin valores.","1. Reescribir README en español con comandos reales y variables sin valores | 2. Mantener OpenAPI de invitación, facturación y administración conforme al contrato | 3. Ensayar instalación limpia, rotación, conciliación y rollback con persona distinta","README.md; server/README.md; server/src/service/dto/","T-070; T-032; T-063","12–20","Backend / líder técnico","Bajo","Operador nuevo completa checklist desde documentación sin instrucciones verbales | No hay secretos por defecto, comandos inexistentes ni promesas de migración automática","Q-DOC: acta de onboarding independiente y validación OpenAPI contra rutas.","Corregir documentación conservando versiones; publicar aviso si una instrucción anterior era insegura.","Backend / líder técnico (nombre por asignar)","Pendiente"
"T-075","Retirar implementaciones no montadas y duplicación acotada","WS-046","Arquitectura","Baja","P3","Fase 4 – Mejora continua","Resolver parte trazable de WS-046. Confirmar referencias estáticas/dinámicas de .component.ts alternativos.","1. Confirmar referencias estáticas/dinámicas de .component.ts alternativos | 2. Retirar archivos sin consumidores en commit propio | 3. Extraer solo un composable/layout repetido y dirigir pruebas a componentes reales","client/src/app/views/pagos/pagos.component.ts; client/src/app/views/; client/src/app/router/","T-061; T-070","8–16","Frontend Vue","Bajo","Ningún import o ruta queda roto y tests ejercitan componentes montados | Se elimina simulación obsoleta sin alterar pagos reales","Q-BUILD, Q-TYPE, Q-UI y grafo de imports antes/después.","Restaurar archivo necesario desde commit sin reintroducir ruta de simulación activa; mantener prueba que reveló dependencia.","Frontend Vue (nombre por asignar)","Pendiente"
"T-076","Reauditar el cierre completo de hallazgos","WS-043","Pruebas","Media","P2","Fase 4 – Mejora continua","Resolver parte trazable de WS-043. Revisar cada uno de los 47 IDs contra criterio y evidencia de cierre.","1. Revisar cada uno de los 47 IDs contra criterio y evidencia de cierre | 2. Repetir escaneo vigente, regresión, restore y controles desplegados según paquetes ya creados | 3. Emitir resultado final con riesgos residuales, excepciones firmadas si surgieran y responsables","server/e2e/account.e2e-spec.ts; Matriz de cierre y evidencias de implementación (nuevas)","T-070; T-071; T-072; T-073; T-074; T-075; T-037; T-017; T-018; T-026; T-016; T-015; T-010; T-012; T-013; T-033; T-034; T-054; T-056","12–20","QA / automatización","Medio","47/47 IDs tienen corrección verificada o decisión formal posterior con caducidad | Ninguna tarea se cierra solo por merge ni quedan críticas/altas técnicas sin resolver","Q-CIERRE: matriz firmada y evidencia por release; muestreo adversarial de identidad, pagos y sesiones.","Reabrir hallazgo fallido y bloquear aprobación de operación; no borrar evidencia previa.","QA / automatización (nombre por asignar)","Pendiente"
"T-077","Ensayar recuperación y respuesta a incidentes trimestral","WS-042","Observabilidad","Media","P2","Fase 4 – Mejora continua","Resolver parte trazable de WS-042. Simular caída de DB o proveedor y restauración en entorno aislado.","1. Simular caída de DB o proveedor y restauración en entorno aislado | 2. Medir detección, respuesta, recuperación y conciliación de pagos | 3. Actualizar runbook y programar revisión trimestral con dueño y sustituto","docker/prometheus/prometheus.yml; Runbook y acta de simulacro (nuevos)","T-076","12–20","DevOps / seguridad","Medio","Primer simulacro completa objetivos RPO/RTO acordados o genera acción correctiva | Calendario y responsable quedan definidos; recurrencias no están contratadas ni automatizadas en este encargo","Q-RESTORE y Q-METRICS: acta con tiempos y conciliación; no ejecutar fallos en producción.","Interrumpir ensayo si afecta servicio real; conservar evidencia y corregir aislamiento antes de repetir.","DevOps / seguridad (nombre por asignar)","Pendiente"
